"name","median_t","mean_t","sd_t","t_quant_2.5","t_quant_97.5","median_wide","mean_wide","sd_wide","wide_quant_2.5","wide_quant_97.5","median_body","mean_body","sd_body","body_quant_2.5","body_quant_97.5","gender","num_matches","num_serves"
"A.BEDENE",0.415077096293126,0.415295727830484,0.0335583924023201,0.348673744765128,0.480688873987093,0.438287292620411,0.438592901532027,0.0334678938915478,0.374532777759643,0.504519898926064,0.144450280754858,0.146111370637488,0.0294982977045228,0.0931048142091632,0.20917160626465,"Men",1,90
"A.BUBLIK",0.450393750223431,0.450701631398055,0.0239583564315061,0.405331822238472,0.497902201261211,0.379602936759159,0.379596125411844,0.0223559154971859,0.335643264309662,0.423335843238226,0.169319901549041,0.169702243190102,0.0197849619368104,0.132735166956841,0.210971840859545,"Men",2,335
"A.HOANG",0.453135275624795,0.453864832800098,0.0332308741554876,0.389211995525971,0.521853221437221,0.368214287914002,0.367811579499821,0.0314583287798849,0.3052266185551,0.427773297418642,0.176415954580068,0.178323587700081,0.0316823777202739,0.120495361529126,0.245530869120369,"Men",1,115
"A.MANNARINO",0.444247011450391,0.444435814319541,0.0314129207741846,0.383446382730119,0.507724215381601,0.4133750607419,0.413558449284819,0.0295384918482231,0.356533225273764,0.473672998949577,0.139868236851714,0.14200573639564,0.0276327538395222,0.0930305480617976,0.20147904897664,"Men",1,115
"A.MURRAY",0.490856402681284,0.491668036056478,0.0336903445796959,0.429788823226731,0.559570216571809,0.384415617174576,0.384051836816578,0.0316639724366131,0.320237538402608,0.446164544838747,0.122707512183941,0.124280127126944,0.0258280672398876,0.0778778674592212,0.180220992834447,"Men",1,120
"A.RUBLEV",0.485941355543543,0.485835879611512,0.0242475820525373,0.437131794966557,0.53300547304351,0.421167463282499,0.421403633458307,0.0235446689461739,0.37613098937136,0.467866574373421,0.092394725058648,0.0927604869301811,0.0150381595066754,0.0656476906991685,0.123680851132922,"Men",2,313
"A.ZVEREV",0.472113153358624,0.472089974757773,0.0151883685051525,0.442156821589982,0.501420428451997,0.401185979144731,0.401300638277085,0.0150477913742358,0.371297393314943,0.430579444570871,0.12628491834771,0.126609386965141,0.0106091322700408,0.107222980440551,0.147928575915842,"Men",7,955
"B.PAIRE",0.409326691108691,0.409558821374117,0.019793998038367,0.370644288965741,0.448133308014629,0.433228055227389,0.433627931817797,0.0201716204503011,0.394710382254659,0.473284411652318,0.15641892912314,0.156813246808086,0.0159024786802402,0.127388543440242,0.190169604381375,"Men",2,463
"C.RUUD",0.45116766411379,0.451477182255913,0.0257372680341221,0.40203649661194,0.503034515231045,0.432857428882174,0.433129255917953,0.0253954731780822,0.383096810249591,0.482416990668826,0.114474298094928,0.115393561826135,0.018695558209009,0.0813164952643439,0.154967687657737,"Men",2,232
"D.ALTMAIER",0.406547235845976,0.406628999199361,0.0252765796751719,0.356988847993481,0.455959332671321,0.457656505739897,0.458019044876577,0.0248020371182936,0.409246555874341,0.505709322149159,0.134507056261804,0.135351955924062,0.0194769113425418,0.0999146790268081,0.176852894249277,"Men",2,271
"D.GOFFIN",0.448662758504174,0.448742954679284,0.0260934335014751,0.39709751129297,0.500811514918716,0.441733904076955,0.441991388982622,0.0256709829789556,0.392455480246466,0.492864593197353,0.108476733610387,0.109265656338094,0.018257911599119,0.0767254137004456,0.147840706690957,"Men",2,248
"D.KOEPFER",0.328387430191749,0.328692639310513,0.0298533900606935,0.271460449123078,0.387662685937218,0.352507068297777,0.353670263923501,0.0307522055462414,0.29583818599217,0.414259841082787,0.316481641426069,0.317637096765986,0.0374866987071966,0.246475154083613,0.393776820514476,"Men",1,133
"D.MEDVEDEV",0.445336888421039,0.445580509090237,0.0313534548069226,0.385443195565398,0.507805237299695,0.401552565372624,0.401425565031966,0.0302312522120289,0.342301169848808,0.461756843139678,0.151507118994642,0.152993925877797,0.0266299396375335,0.105254091078859,0.209582558893936,"Men",1,135
"D.NOVAK",0.411639104938665,0.411190016226296,0.0303474643135818,0.352049065879869,0.471355060630879,0.427458716317123,0.428086996101888,0.0300190497324946,0.370225185333689,0.486911109358537,0.15891714842471,0.160722987671816,0.028103031868401,0.110319868891174,0.219058244384496,"Men",1,134
"D.SCHWARTZMAN",0.438589259766932,0.438632249026736,0.020592956550817,0.399989339728524,0.480304323407423,0.438900956370894,0.439070579928138,0.0197178881527266,0.399737156842196,0.478073324848646,0.121646761533098,0.122297171045127,0.0143287696989262,0.096102158445867,0.151523826476711,"Men",3,452
"D.SHAPOVALOV",0.405568377530041,0.405802081126477,0.0217455314120575,0.363709049182247,0.447726690925582,0.480128243954064,0.480550325042804,0.0223694044165862,0.43813529443943,0.524484580130188,0.113339809852339,0.113647593830718,0.0150988890651672,0.0858139873566212,0.1444649778904,"Men",2,396
"D.THIEM",0.41192879177676,0.411906407759567,0.0113364789488327,0.389696568210983,0.433729355480343,0.476453554933723,0.476454974651213,0.0116015273194904,0.45366672907587,0.499972037646182,0.111411067065034,0.11163861758922,0.00764352107211431,0.0969470019093015,0.126882523695058,"Men",12,1714
"DE.GALAN",0.491025749783076,0.492179226785308,0.0324258618168043,0.430398584927218,0.557573723891746,0.434926848899342,0.435131694985947,0.0308184528102678,0.374620879152903,0.49742699550214,0.0708829206147924,0.0726890782287453,0.0186892240044324,0.0408723130025703,0.113249831894889,"Men",1,120
"E.GERASIMOV",0.452193945998189,0.452186117735017,0.0331533788977865,0.387814384358822,0.517862333448539,0.450205406532215,0.450800276715749,0.0324123834784091,0.388876057557417,0.516142116528928,0.0951495150153921,0.0970136055492336,0.0234660333294218,0.0557223144097305,0.147986824976981,"Men",1,103
"F.FOGNINI",0.403803169316069,0.404078707406421,0.0274478415056444,0.35097308046298,0.460727903004277,0.419853062667124,0.420012458785146,0.0270818364271413,0.367989113463419,0.473918796610296,0.17476933312568,0.175908833808432,0.0254995437860135,0.128859402705909,0.228343938321281,"Men",2,181
"F.KRAJINOVIC",0.434110018936026,0.434726290316874,0.0310298409349177,0.376149728896441,0.496954367632952,0.407360305681163,0.406892125361327,0.0295675925984185,0.347737765518192,0.464914390628943,0.157212869628345,0.158381584321799,0.0285778848346809,0.106662898137492,0.218288949092594,"Men",1,130
"G.DIMITROV",0.410552129939839,0.410273367798901,0.0306262373121383,0.348719215605122,0.469546805468314,0.455925979953851,0.456482165319723,0.0307393440540824,0.399397587000833,0.520529349950547,0.131638529025229,0.133244466881376,0.0245968317818919,0.0898458970093825,0.185460069951298,"Men",1,134
"G.MONFILS",0.417861323892948,0.417577411649823,0.0180693373529242,0.382187531511762,0.453409575521464,0.430044689069909,0.430166923920899,0.0183345545066525,0.39507787997301,0.466305640640717,0.152100333279168,0.152255664429278,0.0140797455805338,0.126307804856714,0.180548988031518,"Men",5,597
"G.SIMON",0.431488949923068,0.431613460740604,0.0267203272266495,0.379177748687987,0.484827415017962,0.458319334776326,0.458544889630853,0.026459636134306,0.407155358879871,0.510583818302103,0.108912600670154,0.109841649628543,0.0186208667351417,0.0754915714306208,0.14821241098463,"Men",1,220
"H.GASTON",0.433442578828476,0.43352990872056,0.0209333218013167,0.392995553460832,0.474307434053101,0.422067223931608,0.421978926791996,0.0201185714120223,0.383239697586041,0.461765898120371,0.144075919843557,0.144491164487444,0.0156513564665843,0.114930310935215,0.176626104744574,"Men",2,430
"H.LAAKSONEN",0.439289243485298,0.439581286559288,0.0313920781493686,0.380171345070232,0.503409424960629,0.409858002878488,0.409519707986213,0.0307353619653096,0.347369574158046,0.470297994979613,0.149208436706068,0.1508990054545,0.0283660206739125,0.0984972885070172,0.210745443729075,"Men",1,112
"J.CHARDY",0.380636043323884,0.380674036602287,0.0255880332723109,0.331699297838885,0.432367643082128,0.388166877812035,0.387907725891067,0.025692419642422,0.33845023398847,0.437729218736849,0.230358568665881,0.231418237506646,0.0262858913143647,0.182621679079642,0.284884662234645,"Men",1,232
"J.DELPOTRO",0.514312791590866,0.51400577167505,0.0261334288614158,0.463124177724648,0.564315599357371,0.348015234315033,0.34789321876877,0.0247914895650987,0.298169410350871,0.395737128595754,0.137179233194159,0.13810100955618,0.019487163061407,0.102461867710898,0.178991668589193,"Men",2,275
"J.LONDERO",0.446659495609599,0.447710774239398,0.0349636759641754,0.37933260108211,0.517986257808058,0.417701674404694,0.418066581955192,0.0327248512824482,0.356312391519047,0.483787967443028,0.132109892511234,0.134222643805411,0.0290691431578271,0.0828944137528104,0.197424979357149,"Men",1,94
"J.MILLMAN",0.34070645668596,0.340782007510383,0.0243107500862068,0.294020176887885,0.388136166473542,0.388694070872971,0.388211730374061,0.025911387890166,0.33843973580283,0.439031271740908,0.270209381874092,0.271006262115556,0.027066586457452,0.220439199255683,0.32429006980116,"Men",1,242
"J.MUNAR",0.376478975871542,0.375948414549605,0.0289778074775414,0.31796620129196,0.43169328469202,0.456194343353642,0.457303368826848,0.0300856340643313,0.400334402920361,0.519752830106332,0.165494458638004,0.166748216623548,0.0265504189111347,0.117883701305189,0.222132741542166,"Men",1,158
"J.RODIONOV",0.410390880164442,0.410547410335809,0.0262637963323193,0.359629819138902,0.461672678879396,0.431381986209033,0.431694794852175,0.0268716197771244,0.380576122522291,0.484380510456838,0.157178607601528,0.157757794812016,0.0225667865882185,0.11529580444287,0.204544162233066,"Men",1,220
"J.SINNER",0.374014262271154,0.374415358743681,0.0210818348009419,0.333645291940396,0.414726412626655,0.39373950190929,0.393945031909849,0.0210877441674552,0.353803367888128,0.435446507880269,0.230918571779009,0.23163960934647,0.0207377608937898,0.192859452500599,0.274290850355116,"Men",3,396
"J.SOCK",0.386801641294075,0.386651136909327,0.0315415175345936,0.324825528610575,0.448549894936667,0.481885858403203,0.482588613000741,0.0329097712753068,0.421278078903669,0.54967326468557,0.128802853821931,0.130760250089932,0.0255970481931861,0.0849750389149816,0.185637467484924,"Men",1,131
"J.STRUFF",0.411268337747904,0.411685879768116,0.0338666598063539,0.345834726297483,0.481074182931831,0.390585293432735,0.390786112131151,0.0324166260657864,0.327429712690754,0.455205286792257,0.195224430939413,0.197528008100733,0.0348889187672754,0.135156246411473,0.270946160732272,"Men",1,96
"J.TSONGA",0.407321769339414,0.407186264771256,0.0235151086752747,0.362350066045474,0.453583168491532,0.431199883447814,0.431591420562612,0.023545425721097,0.386579736435609,0.478339634515626,0.160842401435428,0.161222314666132,0.0197310449721964,0.124491829276145,0.201005079536221,"Men",2,306
"K.KHACHANOV",0.456409447663971,0.45636986677182,0.0211226752791464,0.416070278171437,0.497414936564833,0.3814633188186,0.381289936564505,0.020335511591645,0.341386829224494,0.421940620034529,0.161887637323125,0.162340196663674,0.0174035195073641,0.12999652222212,0.197444099826302,"Men",3,407
"K.NISHIKORI",0.393959617024032,0.393674874287857,0.0183479575107025,0.357587366663706,0.429302692242093,0.407037644869244,0.407296314234824,0.018387303239913,0.37187947062512,0.443636003617978,0.198524933527647,0.199028811477319,0.0163998994717552,0.167757857653421,0.232237222594503,"Men",4,572
"L.HARRIS",0.379476135260936,0.379183968822544,0.0289585179762387,0.322925681514574,0.436411018115761,0.4359116875974,0.43698698095566,0.0295310886632024,0.380387709311866,0.498541267894475,0.182533192302464,0.183829050221796,0.0283492096519104,0.132006694999472,0.242738787336275,"Men",1,150
"L.MAYER",0.346937339447514,0.347352265533325,0.0338716539022472,0.282881231100809,0.415284217771164,0.308338646443749,0.308895919775172,0.0330088528235607,0.244710641298861,0.373194407905731,0.342440500253985,0.343751814691503,0.0430791948023058,0.261858741397214,0.430254282154518,"Men",1,97
"L.POUILLE",0.437771615630339,0.437433999571562,0.0230430039591987,0.393510725487862,0.483188927565601,0.453591937931915,0.453561584481276,0.0229665955074512,0.40896298131796,0.499138052448634,0.108176617895031,0.109004415947161,0.0158162142339943,0.0797823770585414,0.142001341263989,"Men",2,341
"L.SONEGO",0.345134189194784,0.345084285667998,0.026197868979183,0.294904250593364,0.395985951086488,0.427035733401361,0.428248635784641,0.0269495276042907,0.376576735235142,0.482806075294163,0.225543605379913,0.22666707854736,0.0265606280593289,0.178413779871861,0.281893636227731,"Men",2,234
"M.BERRETTINI",0.427018590011014,0.427414039048867,0.0228658755387219,0.383163886673781,0.471893278963179,0.404663984975504,0.404442583132992,0.0221647015383747,0.361310693476527,0.447173877245207,0.167406114263852,0.168143377818141,0.0189298713450171,0.1333801407438,0.206809058576273,"Men",3,351
"M.CECCHINATO",0.480084801278312,0.48081970587006,0.0322131859097537,0.418680279664425,0.543931503574148,0.408722934604056,0.408776500041707,0.0310138168724324,0.348122342893866,0.470538378051003,0.108399031413644,0.110403794088232,0.0232452902410445,0.0687651457506767,0.160513225948036,"Men",1,126
"M.CILIC",0.421797631118863,0.421425948595832,0.0322523898938786,0.35949947005407,0.485902382784787,0.473595771765104,0.47384484329095,0.0317039784544208,0.415147376272485,0.536109905414285,0.102739724835327,0.104729208113219,0.0231605398251693,0.0645639155050414,0.153749546877115,"Men",1,120
"M.FUCSOVICS",0.417939152220068,0.418106908736418,0.0211509777896867,0.378029477202168,0.460239678718155,0.407456927934326,0.40765324377471,0.0206465362638695,0.367696173874787,0.448799842076521,0.173656609480801,0.174239847488872,0.0182164592218111,0.139981801841326,0.210944153975526,"Men",2,395
"M.KLIZAN",0.446498130244222,0.446381364723511,0.0275874115762303,0.391610512103444,0.500616065911434,0.470448448363952,0.470884206525834,0.0272503520063586,0.417917480156396,0.524370239277153,0.0815588614470083,0.0827344287506552,0.0168481736141068,0.0535378278639071,0.119511281148672,"Men",1,206
"M.MARTERER",0.403455670720568,0.404789438284136,0.034199377720642,0.338452755123384,0.471017715870381,0.457113246967161,0.457891588049577,0.0343329329337554,0.391545797214485,0.527507633292355,0.135338512924302,0.137318973666287,0.0290576123300178,0.0857912732664559,0.200824691329355,"Men",1,100
"M.MCDONALD",0.457824333269308,0.45796276468712,0.0364164645936699,0.387300211651367,0.530384363240251,0.414763074255205,0.415031438184768,0.0338047709017684,0.348080431938382,0.48305772943027,0.123892070905888,0.127005797128112,0.0307737343761638,0.0751882525306393,0.194024925416672,"Men",1,72
"M.YMER",0.355780259363991,0.357237461067145,0.0355528472341874,0.288717922642561,0.429487160645801,0.321348808336682,0.321147674511812,0.0336315509560632,0.253873126829491,0.386160667863664,0.320719664652282,0.321614864421043,0.0437149649422784,0.239360181747153,0.410469422119218,"Men",1,93
"N.DJOKOVIC",0.454700894801184,0.454517374910093,0.012085600469314,0.431367512193309,0.47779347435866,0.433185622442496,0.433170568866237,0.012114845115564,0.410096469348373,0.456935876277276,0.112250517044216,0.11231205622367,0.00801025293246853,0.0965290389850378,0.128648637433931,"Men",12,1417
"N.JARRY",0.432705530893877,0.432861675653138,0.0317886263081452,0.369656216354824,0.496665291455052,0.438899875398308,0.43890845207947,0.0307949095617221,0.379948673173437,0.502142847428298,0.126704647949033,0.128229872267392,0.0251498566762255,0.0834494731831798,0.182149645834215,"Men",1,126
"O.OTTE",0.416362129652301,0.41651765758372,0.0333304305502019,0.352932317340686,0.483224917394216,0.388523761803339,0.389012547430488,0.0309160183633754,0.329785799082038,0.448137817380711,0.192920795272685,0.194469794985792,0.032492438100753,0.134062010088946,0.262964642001341,"Men",1,108
"P.CARRENOBUSTA",0.409325756109207,0.409546121553945,0.0207555895696304,0.368146153481211,0.450032770289339,0.450159554026339,0.450511484164587,0.0209016494696813,0.409768554012771,0.491802883711795,0.139496795672265,0.139942394281468,0.0154166834122094,0.109963374454693,0.170839911417634,"Men",3,419
"P.CUEVAS",0.44369109988525,0.443883282322399,0.0257388845183535,0.393257097631454,0.495215746284668,0.394155790211833,0.394293163197262,0.0243641145356955,0.347321241593123,0.442777957021697,0.16123181938142,0.161823554480339,0.021781408989329,0.121640830859199,0.20707127787167,"Men",2,254
"P.GOJOWCZYK",0.475100580537321,0.475528416283377,0.0302656442020514,0.41816504441807,0.535972355482537,0.436366405780738,0.43605955130408,0.0292180629069631,0.378581984831693,0.493364293043366,0.0869288942190797,0.0884120324125428,0.0188326546063616,0.0557864468216593,0.129798353166383,"Men",1,163
"P.HERBERT",0.419639179084961,0.419912862365473,0.0203305701286674,0.38089446984897,0.461385126501386,0.400902409466455,0.401188300268241,0.0201888631422997,0.361244802085718,0.441355646529156,0.178906255296964,0.178898837366286,0.0172320714757634,0.14633503117415,0.212709495681757,"Men",2,449
"Q.HALYS",0.4248486575218,0.425260540092452,0.0313199269790441,0.364087452738708,0.487081403654261,0.382910530010578,0.383676897349128,0.030282272804735,0.327248609360926,0.444136943388483,0.189532955417935,0.19106256255842,0.0308382413270227,0.135531303498517,0.254948139018268,"Men",1,131
"R.BAUTISTAAGUT",0.458845611040442,0.458962904191314,0.0256380614484382,0.409237317185772,0.510363340282359,0.416400981223309,0.416615075785932,0.0246700788139092,0.368154721266276,0.464257149404727,0.123436664379135,0.124422020022754,0.0190417029287614,0.0905135096442191,0.164108130544025,"Men",2,250
"R.BERANKIS",0.451835814561137,0.452582834507496,0.0371804730331059,0.381342320128884,0.528131298133945,0.416855794521781,0.416879218052206,0.0365441394791651,0.345709069483204,0.488513405201595,0.127239837446671,0.130537947440298,0.0324323299757296,0.0743529076128647,0.203803743044243,"Men",1,61
"R.CARBALLESBAENA",0.413802191820012,0.413877713290125,0.0249970373064225,0.365187161340861,0.463039096589585,0.438977120207717,0.438980972822321,0.0248210489721362,0.391952107138577,0.488702932276671,0.146275824229227,0.147141313887555,0.0203032228869316,0.109929242157917,0.188295916779522,"Men",1,260
"R.FEDERER",0.47810181639592,0.478307723288005,0.0192854943178064,0.44060822192857,0.51695134515812,0.443751744660206,0.443615908315192,0.0185432200578919,0.407680430311749,0.480053751682656,0.0773311671627754,0.0780763683968024,0.0105404583141487,0.0589124123628751,0.0999629519342983,"Men",5,566
"R.NADAL",0.443853426749409,0.443846157760437,0.0136264897340962,0.416883161743892,0.470489559105453,0.399880124659202,0.400075907299303,0.012878578189724,0.37528425076435,0.426026067900374,0.156135776089919,0.15607793494026,0.00971730049156876,0.137474717558021,0.175482549066162,"Men",13,1323
"S.BOLELLI",0.409248888322361,0.409647373233911,0.0336255760760536,0.346066842612886,0.477064360881477,0.386645427662861,0.386604866487523,0.0316401348408269,0.324782442668199,0.447889472634507,0.202169539399358,0.203747760278567,0.0340072705979048,0.141922130273673,0.274542613729393,"Men",1,111
"S.CARUSO",0.382579086762081,0.382588227217792,0.0332470966426527,0.317634159615077,0.446412391201269,0.425885389734671,0.426173749044606,0.0333422303418248,0.362003287155815,0.493212430460971,0.189288001680072,0.191238023737602,0.0340218417438688,0.130561195972248,0.261740801872119,"Men",1,101
"S.KORDA",0.488982432211304,0.490654107727045,0.0374996214033215,0.420743963265768,0.567266849702486,0.357358264841613,0.356855343242389,0.0346328357079345,0.288052549323888,0.423251066896329,0.149908431141467,0.152490549030566,0.0318499839412366,0.096151055116937,0.221086487079893,"Men",1,82
"S.TRAVAGLIA",0.466146068687198,0.466646130309544,0.0363725169058314,0.396606400289367,0.538742504826677,0.406417511245998,0.405482011302578,0.034969175306571,0.335059656332079,0.474778353559839,0.12513729957976,0.127871858387878,0.0313170141444182,0.0736986435386957,0.196885320676774,"Men",1,70
"S.TSITSIPAS",0.410577625317508,0.410758923213585,0.0139706132808873,0.383740936593933,0.43806177591523,0.423445178997763,0.42374164488234,0.01417568515267,0.396412198212515,0.451674563111625,0.165190254084926,0.165499431904076,0.0105397165272878,0.145531053493216,0.186567861268414,"Men",9,1198
"S.WAWRINKA",0.447835641399683,0.447877210002341,0.0159038522524435,0.417335272077433,0.478899303303655,0.453410108236629,0.45320821525471,0.0155229584606998,0.422750049563769,0.483451115396195,0.0985038509523599,0.0989145747429482,0.0098185662246103,0.0802750691357278,0.118767390328327,"Men",5,887
"T.DANIEL",0.494307151080076,0.494766130152966,0.0351954794959001,0.428295888213295,0.567508825964824,0.394150054739831,0.393585153144516,0.0327210271754262,0.326689924397372,0.456366723245609,0.109565461675611,0.111648716702518,0.0252508578204147,0.0685393564359162,0.165168404298493,"Men",1,96
"T.PAUL",0.405708172109108,0.405823722872639,0.0301125794124567,0.343591493776086,0.465586055405593,0.469037130658435,0.469284519181901,0.0307734772610131,0.410842678196401,0.532627007516614,0.123480773085374,0.12489175794546,0.0230672091064756,0.0835145749871783,0.173939995218248,"Men",1,147
"V.POSPISIL",0.435416763164126,0.435872340803647,0.0314997671601265,0.375038372790317,0.497107021496416,0.430386745463725,0.430408499835351,0.030187048424978,0.371495737076767,0.491376189339998,0.131935447201602,0.133719159361002,0.0250119258817886,0.0895479937881173,0.187323966376245,"Men",1,140
"Y.HANFMANN",0.442400607383503,0.442227293846426,0.0326617447163434,0.379579578749996,0.506451625324123,0.438832229924053,0.439459651183218,0.0321100031418198,0.378957737822885,0.506684433606991,0.115916409944561,0.118313054970355,0.0262696021299443,0.073104347089234,0.174768630562837,"Men",1,106
"Y.MADEN",0.357617617408535,0.357350006779579,0.0340488040140804,0.290273472738357,0.423692847870988,0.441436622309061,0.442451058599013,0.0355037927754292,0.37494091410462,0.513810571639972,0.198685575318262,0.200198934621408,0.0353168593402314,0.137611638798831,0.275040164140338,"Men",1,90
"A.ANISIMOVA",0.348010576732056,0.34786998893326,0.0252482445317659,0.297876658213872,0.397560731355338,0.409813834553752,0.410390254721352,0.0250608234796533,0.362103053240032,0.460330250000812,0.241060183978743,0.241739756345388,0.0232232292264737,0.197378472911076,0.288312453181416,"Women",4,319
"A.BARTY",0.447104565501573,0.447293630185365,0.0226328198250566,0.403024158954996,0.491812366372561,0.403285272322092,0.403387893139548,0.0216084825943619,0.361485598545751,0.447470954028349,0.148696101005185,0.149318476675087,0.0163993439827133,0.118536716763505,0.182872974706904,"Women",5,438
"A.BLINKOVA",0.376631510592736,0.377648871624615,0.0399321243977591,0.300194523454776,0.456391797075107,0.354941652073639,0.354684816784358,0.0386175620211499,0.283398561773169,0.431427998175893,0.266426794810118,0.267666311591026,0.0399909183986538,0.194637383335082,0.349680980746591,"Women",1,94
"A.BOGDAN",0.389404927455481,0.389660334002029,0.040597803823497,0.31115781365106,0.47009611068464,0.300112233641445,0.30135175689938,0.0358657295787115,0.233666620831931,0.372914023115678,0.308158321708366,0.308987909098591,0.0407423227659688,0.232721664380397,0.391649547380032,"Women",1,104
"A.CORNET",0.312397309669149,0.313493604980038,0.0427678529017573,0.234059264731065,0.400743060502863,0.410919872853925,0.411995262053487,0.0432808928979942,0.328789971261244,0.5016398724018,0.272814762602089,0.274511132966475,0.0451986608530082,0.189882688842768,0.368624317746139,"Women",1,74
"A.KONTAVEIT",0.401195313282251,0.400737544295735,0.0369303799156418,0.328906686706371,0.475706065997086,0.399563321035053,0.400606195204313,0.0366277130595446,0.331397055952187,0.473916954074435,0.197247626228431,0.198656260499952,0.0330363872043249,0.137789360170013,0.268627339594177,"Women",1,116
"A.PETKOVIC",0.430104133603983,0.430387487382229,0.0487834513301711,0.33685501009985,0.527902882091777,0.346656425171845,0.347145854030412,0.0446661906353355,0.263946537125476,0.437032552393895,0.220354012684744,0.22246665858736,0.0454997876014914,0.142062634625881,0.319585850167994,"Women",1,59
"A.SABALENKA",0.330315977213416,0.330516445173795,0.0412443402474327,0.250042302766176,0.411615301326602,0.337349636764684,0.337790514036904,0.0414745489491578,0.260599387518503,0.42150101246828,0.330336881910381,0.331693040789301,0.0474189399192586,0.239619853141195,0.431894983710016,"Women",1,81
"A.SASNOVICH",0.289036126110699,0.290473321450666,0.039820304623156,0.215011470855976,0.371288339195785,0.324773071422155,0.325050866752802,0.0397153468835509,0.249310880443913,0.403569969987517,0.382596481168229,0.384475811796532,0.0486509600347134,0.293261722395557,0.482192382397473,"Women",1,83
"A.SEVASTOVA",0.389384933916085,0.389545083921079,0.0303670867848633,0.330327685683434,0.449090365056921,0.402913257911229,0.4030464785329,0.0293259773001605,0.346405115172254,0.461227019686743,0.206479287663981,0.207408437546022,0.0261828957625082,0.157662176398194,0.260924228858527,"Women",2,226
"A.TOMLJANOVIC",0.378986389658868,0.379288441880442,0.0405976361712833,0.30020254101668,0.459656944603921,0.374183795301566,0.375336900858259,0.0397104510710832,0.29979054941114,0.454545248099602,0.24340469598317,0.245374657261299,0.0391634886196634,0.174183220919765,0.325936835567889,"Women",1,97
"AK.SCHMIEDLOVA",0.484330866623226,0.484157948975335,0.0428505456829115,0.40199242617024,0.567092497645694,0.320171264899803,0.320850969731149,0.0375365811807635,0.250909366330135,0.398115967107608,0.192898417237187,0.194991081293516,0.0354458416860461,0.131777437665789,0.268540065750564,"Women",1,101
"B.PERA",0.322587225029343,0.323632555374637,0.0415339784037125,0.245603109111516,0.407638272419846,0.385965323342242,0.386668646513181,0.0440610649504094,0.302627272932249,0.474162418841175,0.288075116642847,0.289698798112182,0.0465826704564084,0.202565568507112,0.387288174634135,"Women",1,72
"C.GARCIA",0.469757029759061,0.469806088156743,0.0207173551811651,0.429971860170142,0.509587260393747,0.330564599568373,0.330902695139715,0.0194404504768818,0.293411334283694,0.369500963821474,0.198990894211203,0.199291216703542,0.0167235607637802,0.168261892539104,0.231885421237312,"Women",6,574
"C.GAUFF",0.333329082414681,0.334180026589984,0.0382800419748746,0.261793343041404,0.411013899315411,0.340785813032795,0.340394291529945,0.0390755281073155,0.266330559672091,0.417924366861129,0.324338841838915,0.325425681880071,0.0434311548651818,0.245725332874676,0.414617656509299,"Women",1,95
"C.PAQUET",0.323639443036917,0.324646258170021,0.0416016375739663,0.245496450612209,0.407967393380096,0.312240634779291,0.312751221279169,0.0412508266534486,0.235200905526298,0.395714987768805,0.361153813895745,0.36260252055081,0.0488613546615843,0.271424171841996,0.460482903945656,"Women",1,75
"C.WOZNIACKI",0.42708350864663,0.427927165032927,0.0398386676495531,0.353024717218103,0.507688391728069,0.371894687776509,0.37288087300936,0.0376971863487814,0.299831419392108,0.446454213436298,0.197386187992778,0.199191961957713,0.0342488013234312,0.137972890905067,0.271628437232349,"Women",1,105
"D.COLLINS",0.369470836268853,0.369607738122016,0.0230104231610231,0.323676433781838,0.41569600005416,0.414597563595761,0.414559380058169,0.0231918069618067,0.36879589041473,0.460298741272101,0.215536624881111,0.215832881819815,0.0196877375187964,0.179366002542267,0.254966208299941,"Women",3,387
"D.KOVINIC",0.286988030615261,0.288834719633341,0.0482366231108772,0.197980029078049,0.387902905088841,0.29253116068092,0.29419266609013,0.0449707308891111,0.208620624196507,0.384469590841845,0.416738184382238,0.416972614276529,0.0610140670761081,0.303136944063971,0.539144063476333,"Women",1,46
"D.VEKIC",0.406221805354168,0.405544133350821,0.0439081367808593,0.320993206948847,0.493186412360871,0.381974855362078,0.38285745600682,0.042851207003053,0.301250195616243,0.46993067543524,0.209759705985676,0.211598410642359,0.0403570766038766,0.137433485094611,0.296779569566723,"Women",1,74
"E.ALEXANDROVA",0.365599958918968,0.365884327394017,0.0414039265039254,0.287353577801133,0.447129414050229,0.417385995498058,0.41774276230567,0.0420022758274603,0.335540275222206,0.501440064684886,0.214414277630722,0.216372910300312,0.0391200897600565,0.144210503925668,0.298995496338391,"Women",1,91
"E.MERTENS",0.393451348572046,0.39402542362077,0.0287554712019803,0.338341783998491,0.451990496259605,0.384600214532836,0.384433257394343,0.0283710384186619,0.329749290125249,0.439940794831816,0.220747756918258,0.221541318984887,0.0254169665922907,0.173458622236215,0.273343185352258,"Women",2,232
"E.RODINA",0.357108910478987,0.358087177412497,0.045740198632446,0.272623732633817,0.448925538235846,0.339577777341269,0.339842583707175,0.0431840360893545,0.258927095081032,0.425789609085921,0.301102361623698,0.302070238880328,0.0491993612142169,0.210024615177423,0.404007615728129,"Women",1,58
"E.RYBAKINA",0.395313790680849,0.395799884147067,0.0373139481946203,0.323179751042087,0.470056465407876,0.37891985893661,0.379595115259604,0.0366102750984164,0.306979154085858,0.451118970482992,0.224501726085544,0.224605000593328,0.0342223869586622,0.162702339940713,0.293851718423115,"Women",1,117
"E.SVITOLINA",0.408605382896348,0.408595318119936,0.0197636267464833,0.370433950446775,0.447865882307503,0.342569760950814,0.34244817776444,0.0192962212263975,0.30526424619691,0.380249580326902,0.248664311917495,0.248956504115623,0.0177227065883813,0.215268470730821,0.284911216164329,"Women",6,548
"F.FERRO",0.41044279624089,0.410531126472168,0.022022301762106,0.367125990033043,0.453707454519613,0.419077807994536,0.418810549375737,0.0213329458615512,0.37667938492592,0.459674771401599,0.170505731387438,0.170658324152095,0.0172081289292768,0.137476935969292,0.20696503106139,"Women",4,462
"G.MUGURUZA",0.451143242051259,0.451422861542756,0.0227838779076183,0.407410992515957,0.495877483689207,0.386831286744751,0.387008485003466,0.0226455885949903,0.343012417561768,0.43236700192969,0.161116610650788,0.161568653453778,0.017815144446476,0.127417237310386,0.198523758040684,"Women",5,402
"I.BARA",0.355945023306963,0.356882802080297,0.046802147691835,0.26808904749555,0.452250278544939,0.303657239261763,0.3049633856136,0.0422616959297539,0.226518969598126,0.393069783439025,0.338000702353052,0.338153812306103,0.0532771203456488,0.240654964134482,0.446518410254688,"Women",1,61
"I.BEGU",0.338866654303972,0.340189377419111,0.0408608993651185,0.265793405059587,0.420907611549177,0.369062356279779,0.369981501353527,0.0403768137761093,0.292338014184656,0.450917470318002,0.288318963493946,0.289829121227362,0.0438537409052024,0.208367625950227,0.379520619042352,"Women",1,89
"I.SWIATEK",0.43169500365019,0.431803615907286,0.0278271693275104,0.375820144702934,0.485912053641283,0.38264348040785,0.382893583437264,0.0266739539521247,0.331630090299034,0.435816981119916,0.184786849256759,0.18530280065545,0.0224147154543749,0.143456282733693,0.231645077123146,"Women",4,271
"J.KONTA",0.383267767315771,0.383434957753431,0.0282951945772196,0.329646257664143,0.438205547831973,0.475066320227789,0.475106573401752,0.0291147112553729,0.41866428662908,0.531657568072842,0.140323025227616,0.141458468844816,0.021525377248789,0.101467186024912,0.187363237280913,"Women",3,241
"J.LARSSON",0.46958272294439,0.470820540228186,0.0464916220817671,0.380247470131912,0.567429908952918,0.353979383363557,0.35452171185104,0.0427925017756999,0.274074188565493,0.442048506216603,0.172726973934773,0.174657747920773,0.0381795338770292,0.107303894407517,0.253517249119035,"Women",1,66
"J.OSTAPENKO",0.406924377460864,0.407151514875273,0.0452108478564372,0.321025546167146,0.495935710466472,0.317537264465359,0.317976993592586,0.0393564078723907,0.243145157651855,0.399084680078478,0.273835035765121,0.274871491532142,0.0454749445912864,0.189385487005781,0.370884838627169,"Women",1,72
"J.PEGULA",0.422262735577287,0.422941871071066,0.0451969538761272,0.336125400838334,0.513817114620516,0.28909689355004,0.290198732987982,0.0390812339980353,0.2165104011238,0.367787993598654,0.285279351526641,0.286859395940953,0.0460693937757045,0.200206577985906,0.382886498837903,"Women",1,78
"K.AHN",0.366241940211177,0.366210362335285,0.0408955221141092,0.288614879299174,0.44938152918614,0.295023643003683,0.295412619553879,0.0375313663730182,0.225476367067361,0.37160043176882,0.3372365853087,0.338377018110835,0.0437810738018041,0.256719242063984,0.431203658307376,"Women",1,96
"K.BERTENS",0.442688830827778,0.442771354323696,0.0252499082431874,0.393707925460546,0.492896890716756,0.381200332538142,0.381506224243358,0.025023009635265,0.334855733007558,0.430898605713123,0.175731523831493,0.175722421432946,0.0204923458551868,0.136614326717744,0.217883325264279,"Women",5,333
"K.JUVAN",0.370035906079955,0.369873063627056,0.0358281853419146,0.30110416153703,0.441093970362739,0.4529429922924,0.453368514485812,0.0362608326215171,0.384228338781556,0.524525026283499,0.175938302294057,0.176758421887132,0.0300757641851349,0.122063098520086,0.238612186223217,"Women",1,129
"K.KANEPI",0.324983751140808,0.325671303044673,0.0355079066359918,0.258374685511267,0.396945857118047,0.429856632933018,0.429960558960031,0.0362774915374749,0.359361617886113,0.500716438494994,0.243704738276331,0.244368137995296,0.0349744159203194,0.17845908662405,0.314700072062321,"Women",1,123
"K.MLADENOVIC",0.37174791437755,0.372046979380806,0.0272923080164368,0.31853667443219,0.425450071936697,0.401535902635217,0.401584125169154,0.0283914802482756,0.346699940108219,0.457682755521682,0.224939482036184,0.22636889545004,0.0261045101622387,0.177381568714648,0.279452584431479,"Women",3,249
"K.NARA",0.343422202357591,0.343994057621894,0.0422454067831199,0.263505532863006,0.428345440693005,0.383534946559128,0.383469521305179,0.0429408749924071,0.302501064752966,0.471286472623066,0.270852309229744,0.272536421072927,0.04455287444746,0.189703575074681,0.36873587689928,"Women",1,74
"K.SINIAKOVA",0.497265236149496,0.497734533288234,0.0316739312957702,0.436880113117452,0.560508544809057,0.272270820480955,0.272363127926957,0.0275845193069138,0.21907501628443,0.327047893219397,0.22909010652523,0.22990233878481,0.0276169757470269,0.178119127161715,0.286183721856806,"Women",3,211
"K.ZAVATSKA",0.29192369094132,0.292883257931065,0.0368435206810218,0.223378199815714,0.367579697630309,0.305340497655424,0.306391548088951,0.0368134591026016,0.235757156230732,0.380118429846356,0.399815718601025,0.400725193979984,0.0452268831029726,0.31498962762711,0.490746855735478,"Women",1,101
"Ka.PLISKOVA",0.444327204076181,0.444347119716642,0.0253184316413277,0.394991159455773,0.494334482453377,0.419651828189199,0.419857363335545,0.0250038055669685,0.37081751079999,0.467636670279871,0.134963342197677,0.135795516947814,0.0178543920244328,0.102649232840317,0.173110109251381,"Women",4,354
"Kr.PLISKOVA",0.493492285072668,0.494726565997153,0.0417493959902336,0.413939661103982,0.577574504307739,0.341921207272173,0.342244833465499,0.0375622021752522,0.269188427251814,0.416506655024951,0.161340672763892,0.163028600537348,0.0317767790827696,0.105937207147849,0.228572762794599,"Women",1,97
"L.FERNANDEZ",0.388318631076777,0.389059370888096,0.0382070917831346,0.315379533736269,0.466020673154546,0.351984019471395,0.352333804664121,0.0349899529300705,0.286838904726794,0.421893143598466,0.257562897455803,0.258606824447783,0.0366050012647184,0.191447014548372,0.332061601134685,"Women",1,121
"L.SAMSONOVA",0.344382656001041,0.344140625438633,0.0367096908272728,0.272141715930252,0.41745478126574,0.425763214602926,0.426031943763245,0.038216685616972,0.352300542700501,0.503801849277992,0.228126498679373,0.229827430798122,0.0341634540056778,0.166612432669755,0.299907636743438,"Women",1,123
"L.SIEGEMUND",0.251287544883894,0.252367115526143,0.0295576383051553,0.198312512959303,0.312782714735077,0.319191067011208,0.32021109666977,0.0320313993997555,0.258356252711417,0.385615740478456,0.427392940576856,0.427421787804087,0.0366472077110117,0.355190078060935,0.498627415582574,"Women",2,162
"L.TSURENKO",0.351494358589287,0.352859221511118,0.0462566694588445,0.265372340811684,0.447860116240313,0.281303089232101,0.282288005935369,0.0411862298975241,0.204922419470358,0.36570080809395,0.36326459673537,0.364852772553513,0.0524425345948319,0.269399697343364,0.469815200400641,"Women",1,63
"M.BARTHEL",0.436545399942034,0.436622686795061,0.0424201669162732,0.353852530522589,0.522697636177993,0.351747198694818,0.352260445428924,0.0403115243419003,0.274439060480786,0.434302878547959,0.209446190440486,0.211116867776015,0.0380280426875931,0.142236645910796,0.291683474167054,"Women",1,83
"M.BRENGLE",0.279251012504498,0.281082042342667,0.0455355613562082,0.196631631728471,0.373939422053081,0.360140904952135,0.361747336684576,0.046495078189007,0.275523522037835,0.45583995004181,0.35533609774831,0.357170620972757,0.0564811853883063,0.253523549841336,0.472510964979599,"Women",1,52
"M.DOI",0.411895763521816,0.412516593834944,0.0401846073833996,0.335843773149725,0.493666393002492,0.347861636041382,0.348424166153353,0.0372468396860978,0.278355160900592,0.423230002695103,0.237910680697147,0.239059240011703,0.0379068316129551,0.167639304806046,0.318798029041854,"Women",1,104
"M.KEYS",0.45279373511825,0.453341975286704,0.0312132719866626,0.393125763580324,0.516677923378148,0.367603254402714,0.368306127339123,0.0304567666144296,0.309512126318334,0.42833093537716,0.17724388911452,0.178351897374173,0.0242210432960587,0.133404022784097,0.228122008469214,"Women",3,221
"M.LINETTE",0.480094205765019,0.479611694903917,0.0354092955363716,0.411760509602698,0.548845965074394,0.409451803104038,0.410752467267558,0.034157624655315,0.344541791512538,0.481042911268026,0.108573286032152,0.109635837828525,0.0214441207413496,0.0711299031380511,0.155034072588647,"Women",1,156
"M.SHERIF",0.402455112073437,0.40310258963266,0.036128552761048,0.333664623125408,0.476049897901779,0.342283663848277,0.343270479398065,0.0342003920741703,0.277730200450325,0.409963198804201,0.252557448721901,0.253626930969274,0.0346949984397307,0.189148414203498,0.322803808792902,"Women",1,132
"M.TREVISAN",0.340539561018616,0.340805555265146,0.0334417834156543,0.276320432615086,0.407640438479234,0.305631051002796,0.306670345611472,0.0322774970375445,0.246052937837889,0.372533635835283,0.351825427511375,0.352524099123383,0.0360892010303111,0.284300954721345,0.425074977080769,"Women",2,151
"M.VONDROUSOVA",0.48130164915252,0.481865992827468,0.0304805072934929,0.423100226041719,0.541321792387247,0.261755141760367,0.26199194786604,0.0262538346340607,0.212755747471897,0.31333253212763,0.255602489164201,0.256142059306492,0.0281558266536041,0.203882791213674,0.312708961405231,"Women",3,218
"N.OSAKA",0.459114450714509,0.459291037206362,0.024734972060495,0.410670028079632,0.509159864856982,0.402063197328952,0.401856711784815,0.024602421710605,0.352390867878989,0.449265572278149,0.138012890686102,0.138852251008823,0.0179089940403166,0.105642407455411,0.176095577655361,"Women",3,330
"N.PODOROSKA",0.415107496722729,0.415083325934817,0.0368171104244845,0.342666029464003,0.490448898276253,0.407146810072587,0.407910582294621,0.0364965716974696,0.336056141415953,0.479492203693726,0.17544340670091,0.177006091770562,0.0306141768002049,0.121104222096359,0.240502782967024,"Women",2,128
"O.DODIN",0.400755079846233,0.402143621664276,0.041544380300724,0.321785789192233,0.484760419433632,0.29261694378157,0.293352667213584,0.0376341849438068,0.222751963475038,0.370104885550492,0.304064435395798,0.30450371112214,0.0433439524512312,0.224651050285086,0.392737435774358,"Women",1,89
"O.JABEUR",0.519130596071257,0.519724354216485,0.0389891413328023,0.443457188466907,0.595111957208576,0.340870273143251,0.340999301609318,0.0345824708023154,0.273314584239624,0.41017149122483,0.137895357105009,0.139276344174198,0.027073174997038,0.0901690080867405,0.196783130861691,"Women",1,133
"P.HERCOG",0.477112742689572,0.477353428253135,0.0357006099907836,0.408293641699168,0.54892418810622,0.360540388758938,0.360392080690676,0.0322157757715461,0.298310958299251,0.423895394892307,0.160593351118896,0.162254491056189,0.0273608653101057,0.112471483020443,0.219207637317824,"Women",1,153
"P.KVITOVA",0.421469557802985,0.421703483623108,0.0226586263000425,0.376950395756964,0.467318897926959,0.428923584649087,0.429069311551068,0.0230860617460311,0.383472694428407,0.474011812431761,0.148831371476842,0.149227204825823,0.0169470410835749,0.117283367007569,0.184055241918225,"Women",5,420
"P.MARTIC",0.339516687106811,0.339899941063366,0.023743867849821,0.293393825453071,0.387908107973533,0.431096615139539,0.430990744938592,0.0245105137702316,0.383893063819246,0.479093334161894,0.228520010163069,0.229109313998043,0.021515359767912,0.188753312449478,0.27269719258479,"Women",4,346
"P.PARMENTIER",0.354330989177702,0.354999427463826,0.0411065446130717,0.276626640434101,0.437373418816959,0.328650944871011,0.329380277352773,0.0387147430560446,0.254207801325325,0.404760275013515,0.31418967050682,0.315620295183402,0.0442433352736216,0.234624644520761,0.404207716937964,"Women",1,89
"PM.TIG",0.352861315812157,0.353246245338194,0.0341598443095,0.286504379238482,0.419854562091943,0.44825733453527,0.449241576243445,0.0339548282739321,0.384968343327512,0.516483654579899,0.196104400686944,0.197512178418361,0.0299252013210691,0.141191212984597,0.260724156188299,"Women",1,148
"R.ZARAZUA",0.437420881811784,0.437662061578735,0.0427774016619836,0.357843934175743,0.523627111954604,0.345019904085791,0.345267676393846,0.0392557039894864,0.268781658106359,0.422982208632689,0.214959489596507,0.217070262027418,0.0392557568435445,0.144642723331111,0.298849878900415,"Women",1,89
"S.CIRSTEA",0.412844877952333,0.413449264557605,0.0338183575102799,0.347527696159741,0.482023777983073,0.363160675076398,0.363037602607994,0.0329073185921716,0.299659522466815,0.428841011826919,0.222045653560692,0.223513132834401,0.0315668463475407,0.165533800461201,0.288909832857263,"Women",1,153
"S.HALEP",0.427624509734487,0.427401805677388,0.0197894851873576,0.389237725577319,0.466526716577081,0.307153813699006,0.307508139289683,0.0182551630162507,0.271985458194242,0.343905718990353,0.265251602595389,0.265090055032929,0.0181108311407189,0.230160866081188,0.300659966352117,"Women",8,574
"S.KENIN",0.457852891044318,0.458084218790845,0.0167270832416945,0.425696798376475,0.491642557054275,0.446488991108082,0.44637833189995,0.0164504277132813,0.41454069314419,0.479033277516714,0.0953259776745897,0.0955374493092053,0.00953674391369385,0.078111972268211,0.114976954607959,"Women",9,889
"S.SORRIBESTORMO",0.213497865000229,0.214576603291212,0.0315157292336549,0.154898036383239,0.277517769405177,0.382932562915136,0.383991196970596,0.0367306842493207,0.314534432098153,0.45847375747723,0.400941090513001,0.401432199738192,0.0406443496658302,0.323096962039506,0.480792992790749,"Women",2,134
"S.STEPHENS",0.403957070185402,0.404780546625342,0.0221921523798582,0.3612355193653,0.448455842417237,0.364776752965799,0.364662071142599,0.021824762583273,0.321221395563083,0.408064785561108,0.230197671144127,0.23055738223206,0.0196884643515375,0.192583534758368,0.270587345783988,"Women",5,421
"S.WILLIAMS",0.40047033728064,0.400563592668798,0.0259634067957648,0.349552312933376,0.450862573255106,0.509038078879215,0.509198787797916,0.0264552758391924,0.458890824809211,0.561181953981968,0.089185939513937,0.0902376195332856,0.0152956831231629,0.0620497020405069,0.123200321616288,"Women",4,314
"S.ZHANG",0.480762689039139,0.481576335075177,0.0444609683046774,0.395071058217026,0.570643459467786,0.358796144139092,0.358803121337496,0.0401196753828529,0.28407302742122,0.440768180641889,0.15689012375395,0.159620543587327,0.0331856705805429,0.101112088532242,0.230720691403277,"Women",1,87
"V.AZARENKA",0.388988885151559,0.388969929677457,0.0321750895269202,0.326434765698748,0.453130992175406,0.294006336682106,0.294839079532031,0.0288096100377572,0.240650200444834,0.353703445545772,0.315186229540075,0.316190990790512,0.0327754693774455,0.254352899728244,0.382550007165901,"Women",2,186
"V.DIATCHENKO",0.556624940115816,0.557068241750659,0.043773765909956,0.473154193776039,0.641709898390727,0.241741335153142,0.242065591102421,0.0351268792574957,0.174863994286862,0.313090023734741,0.199322263294121,0.20086616714692,0.0371701528074704,0.135099969686529,0.279600633901247,"Women",1,99
"V.GRACHEVA",0.31392894395128,0.314698206310948,0.0390996568920187,0.240508401508464,0.394921310975721,0.359706657141281,0.36062528638516,0.0387569489359338,0.287542942841525,0.439489466957044,0.324043941130971,0.324676507303893,0.0426127990161493,0.243603569599561,0.410040399089292,"Women",1,99
"V.KUDERMETOVA",0.37778300520971,0.377915319808543,0.0361181977062748,0.309704720196263,0.452234302385747,0.409701068820954,0.41032473620697,0.0354112031963399,0.343376936899394,0.481258534745134,0.210312814681474,0.211759943984487,0.0329441420018389,0.152794969153638,0.280799025419919,"Women",1,126
"V.KUZMOVA",0.424292638591438,0.424874249567704,0.0610463734104127,0.30901244264828,0.548239262811227,0.370156198212943,0.371638913726946,0.0558107189607987,0.265414835889346,0.485005642171416,0.19917610171496,0.20348683670535,0.0570707873611622,0.106301020736413,0.328324620462418,"Women",1,19
